{"cameraMode":{"drawMode":0,"name":"Shaded","section":"Shading Mode"},"sceneLighting":true,"audioPlay":false,"sceneViewState":{"showFog":true,"showMaterialUpdate":true,"showSkybox":true,"showFlares":true,"showImageEffects":true,"showParticleSystems":true},"in2DMode":false,"pivot":{"x":-1.4214093685150147,"y":-1.8490428924560547,"z":4.626401901245117},"rotation":{"x":0.41753461956977847,"y":-0.11838687211275101,"z":0.05496949329972267,"w":0.8992370963096619},"size":26.86186408996582,"orthographic":false}