{"cameraMode":{"drawMode":0,"name":"Shaded","section":"Shading Mode"},"sceneLighting":false,"audioPlay":false,"sceneViewState":{"showFog":true,"showMaterialUpdate":true,"showSkybox":false,"showFlares":true,"showImageEffects":true,"showParticleSystems":true},"in2DMode":false,"pivot":{"x":1.6948533058166505,"y":-2.069051742553711,"z":-0.8218727111816406},"rotation":{"x":0.3934199810028076,"y":-0.2356831133365631,"z":0.10507949441671372,"w":0.8824021220207214},"size":11.272217750549317,"orthographic":false}