{"cameraMode":{"drawMode":0,"name":"Shaded","section":"Shading Mode"},"sceneLighting":false,"audioPlay":false,"sceneViewState":{"showFog":true,"showMaterialUpdate":true,"showSkybox":false,"showFlares":true,"showImageEffects":true,"showParticleSystems":true},"in2DMode":false,"pivot":{"x":-2.085711717605591,"y":-0.667765200138092,"z":0.09223330020904541},"rotation":{"x":0.17482632398605348,"y":-0.17182636260986329,"z":0.031000901013612748,"w":0.9689952731132507},"size":18.196807861328126,"orthographic":false}