{"cameraMode":{"drawMode":0,"name":"Shaded","section":"Shading Mode"},"sceneLighting":false,"audioPlay":false,"sceneViewState":{"showFog":true,"showMaterialUpdate":true,"showSkybox":false,"showFlares":true,"showImageEffects":true,"showParticleSystems":true},"in2DMode":false,"pivot":{"x":-0.006640374660491943,"y":0.340318500995636,"z":-0.04482239484786987},"rotation":{"x":0.17863258719444276,"y":-0.304299533367157,"z":0.05820733681321144,"w":0.9338652491569519},"size":3.0542993545532228,"orthographic":false}